CGPA,IQ,package
6.8,123,3.26
5.9,106,1.98
5.3,121,3.25
7.4,132,3.67
5.8,142,3.57
7.1,48,2.99
5.7,143,2.6
5,63,2.48
6.1,156,2.31
5.1,66,3.51
6,45,1.86
6.9,138,2.6
5.4,139,3.65
6.4,116,2.89
6.1,103,3.42
5.1,176,3.23
5.2,224,2.35
3.3,183,2.09
4,100,2.98
5.2,132,2.83
6.6,120,3.16
7.1,151,2.93
4.9,120,2.3
4.7,87,2.48
4.7,121,2.71
5,91,3.65
7,199,3.42
6,124,2.16
5.2,90,2.24
7,112,3.49
7.6,128,3.26
3.9,109,3.89
7,139,3.08
6,149,2.73
4.8,163,3.42
6.8,90,2.87
5.7,140,2.84
8.1,149,2.43
6.5,160,4.36
4.6,146,3.33
4.9,134,4.02
5.4,114,2.7
7.6,89,2.54
6.8,141,2.76
7.5,61,1.86
6,66,3.58
5.3,114,2.26
5.2,161,3.26
6.6,138,4.09
5.4,135,4.62
3.5,233,4.43
4.8,141,3.79
7,175,4.11
8.3,168,2.61
6.4,141,3.09
7.8,114,3.39
6.1,65,2.74
6.5,130,1.94
8,79,3.09
4.8,112,3.31
6.9,139,2.19
7.3,137,1.61
6,102,2.09
6.3,128,4.25
7,64,2.92
8.1,166,3.81
6.9,96,1.63
5,118,2.89
4,75,2.99
8.5,120,2.94
6.3,127,2.35
6.1,132,3.34
7.3,116,3.62
4.9,61,4.03
6.7,154,3.44
4.8,169,3.28
4.9,155,3.15
7.3,50,4.6
6.1,81,2.21
6.5,90,3
4.9,196,3.44
5.4,107,2.2
6.5,37,2.17
7.5,130,3.49
5.7,169,1.53
5.8,166,1.48
5.1,128,2.77
5.7,132,3.55
4.4,149,1.48
4.9,151,2.72
7.3,86,2.66
7.5,158,2.14
5.2,110,4
6.8,112,3.08
4.7,52,2.42
4.3,200,2.79
4.4,42,2.61
6.7,182,2.84
6.3,103,3.83
6.2,113,3.24
